fold,model_name,horizon,horizon_days,evaluation_type,segment_type,segment_value,mae,rmse,wape,bias,aggregate_bias,actual_sum,forecast_sum,observations,rmsse,rmsse_defined_series,rmsse_undefined_series
combined,xgboost_base,day_1_daily,1,daily,overall,all,1.1620522828783013,2.084856152198922,0.558977581288333,-0.07111693092000981,-64.00523782800883,1871.0,1806.9947621719912,900,0.47504910445259724,900,0
combined,xgboost_base,days_1_7_aggregate,7,aggregate,overall,all,4.637565542059796,8.574301556576383,0.32190413295185993,0.18372198169921627,165.34978352929465,12966.0,13131.349783529295,900,0.6927517164193386,900,0
combined,xgboost_base,days_1_7_daily,7,daily,overall,all,1.296446050819091,2.4386156620414297,0.6299251982230659,0.026245997385602324,165.34978352929465,12966.0,13131.349783529295,6300,0.6455684785705201,900,0
combined,xgboost_base,days_1_30_aggregate,30,aggregate,overall,all,19.240841669755625,40.14603911581323,0.2889834871882259,3.692657498126177,3323.391748313559,59923.0,63246.39174831356,900,1.298494685002599,900,0
combined,xgboost_base,days_1_30_daily,30,daily,overall,all,1.499538758778936,2.7133327143553885,0.6756595378574383,0.12308858327087256,3323.391748313559,59923.0,63246.39174831356,27000,0.7513798350269086,900,0
validation_fold_1,xgboost_base,day_1_daily,1,daily,overall,all,1.3010074459326764,2.346428286731466,0.5049188017849973,-0.12692330988124012,-38.07699296437204,773.0,734.923007035628,300,0.5394149755509149,300,0
validation_fold_1,xgboost_base,days_1_7_aggregate,7,aggregate,overall,all,4.358661475013942,7.032309531918536,0.33238394573060054,1.2159063190532227,364.7718957159668,3934.0,4298.771895715967,300,0.6863037522333213,300,0
validation_fold_1,xgboost_base,days_1_7_daily,7,daily,overall,all,1.2518530485787918,2.0486869604161893,0.668248958316081,0.17370090272188896,364.7718957159668,3934.0,4298.771895715967,2100,0.6444476144633654,300,0
validation_fold_1,xgboost_base,days_1_30_aggregate,30,aggregate,overall,all,20.90779595851277,44.1354730376005,0.32338310927788366,4.915339624316742,1474.6018872950226,19396.0,20870.601887295023,300,1.3985030360670254,300,0
validation_fold_1,xgboost_base,days_1_30_daily,30,daily,overall,all,1.51079096318057,2.693210817109159,0.7010269472378393,0.1638446541438914,1474.6018872950226,19396.0,20870.601887295023,9000,0.762428977571022,300,0
validation_fold_2,xgboost_base,day_1_daily,1,daily,overall,all,1.0459718902191768,1.845149029790669,0.594302210351805,-0.009000840705508988,-2.700252211652696,528.0,525.2997477883473,300,0.44571115688975055,300,0
validation_fold_2,xgboost_base,days_1_7_aggregate,7,aggregate,overall,all,4.720170523580164,9.627245935701673,0.32992804218873467,0.20726017505551378,62.178052516654134,4292.0,4354.178052516654,300,0.7059208526152547,300,0
validation_fold_2,xgboost_base,days_1_7_daily,7,daily,overall,all,1.2649369062350264,2.618962376751892,0.6189113474122916,0.029608596436501967,62.178052516654134,4292.0,4354.178052516654,2100,0.6191467187747615,300,0
validation_fold_2,xgboost_base,days_1_30_aggregate,30,aggregate,overall,all,18.61873225497703,38.605541599865084,0.2715684401251025,1.1275979741476476,338.2793922442943,20568.0,20906.279392244294,300,1.2563159536492123,300,0
validation_fold_2,xgboost_base,days_1_30_daily,30,daily,overall,all,1.4955713086742908,2.7702964187963945,0.6544215177979685,0.03758659913825492,338.2793922442943,20568.0,20906.279392244294,9000,0.7465934908273489,300,0
validation_fold_3,xgboost_base,day_1_daily,1,daily,overall,all,1.1391775124830503,2.0321355464569955,0.5995671118331845,-0.07742664217328032,-23.227992651984096,570.0,546.7720073480159,300,0.44002118091712605,300,0
validation_fold_3,xgboost_base,days_1_7_aggregate,7,aggregate,overall,all,4.833864627585281,8.855433354168945,0.30594079921425826,-0.8720005490110877,-261.6001647033263,4740.0,4478.399835296674,300,0.6860305444094398,300,0
validation_fold_3,xgboost_base,days_1_7_daily,7,daily,overall,all,1.3725481976434544,2.60469899390314,0.6080909736395052,-0.12457150700158395,-261.6001647033263,4740.0,4478.399835296674,2100,0.6731111024734334,300,0
validation_fold_3,xgboost_base,days_1_30_aggregate,30,aggregate,overall,all,18.195996795777077,37.37359425575152,0.27350062822451643,5.035034895914141,1510.5104687742423,19959.0,21469.510468774242,300,1.2406650652915592,300,0
validation_fold_3,xgboost_base,days_1_30_daily,30,daily,overall,all,1.492254004481947,2.6755553634682325,0.6728937341719287,0.16783449653047136,1510.5104687742423,19959.0,21469.510468774242,9000,0.7451170366823548,300,0
combined,xgb_tune_02,day_1_daily,1,daily,overall,all,1.1737329908196503,2.105080258670623,0.5645963077165609,-0.05924785948617177,-53.32307353755459,1871.0,1817.6769264624454,900,0.47517965219139857,900,0
combined,xgb_tune_02,days_1_7_aggregate,7,aggregate,overall,all,4.627373620920763,8.504697930566001,0.32119668817127,0.15689461534868718,141.20515381381847,12966.0,13107.205153813818,900,0.6905967075170977,900,0
combined,xgb_tune_02,days_1_7_daily,7,daily,overall,all,1.299756900081448,2.426841821132108,0.6315338940701158,0.022413516478383883,141.20515381381847,12966.0,13107.205153813818,6300,0.6454657826244704,900,0
combined,xgb_tune_02,days_1_30_aggregate,30,aggregate,overall,all,19.189727879867423,39.40157684624662,0.28821579513510137,3.7238012193870316,3351.4210974483285,59923.0,63274.42109744833,900,1.2992809299082873,900,0
combined,xgb_tune_02,days_1_30_daily,30,daily,overall,all,1.4983562300039404,2.698231801349338,0.6751267161207949,0.12412670731290106,3351.4210974483285,59923.0,63274.42109744833,27000,0.7511581000575511,900,0
validation_fold_1,xgb_tune_02,day_1_daily,1,daily,overall,all,1.2962265293424329,2.333303811880126,0.5030633360966751,-0.1026095478112499,-30.782864343374968,773.0,742.217135656625,300,0.5378724781290066,300,0
validation_fold_1,xgb_tune_02,days_1_7_aggregate,7,aggregate,overall,all,4.209172572412839,6.646699678430426,0.320984181932855,1.054375445265323,316.3126335795969,3934.0,4250.312633579597,300,0.6749751326901463,300,0
validation_fold_1,xgb_tune_02,days_1_7_daily,7,daily,overall,all,1.2434729792559076,2.032521833871697,0.6637756117024418,0.15062506360933184,316.3126335795969,3934.0,4250.312633579597,2100,0.6414169383366618,300,0
validation_fold_1,xgb_tune_02,days_1_30_aggregate,30,aggregate,overall,all,21.026704706717283,44.41325284343329,0.32522228356440425,5.174724379498511,1552.4173138495535,19396.0,20948.417313849553,300,1.4072515670293444,300,0
validation_fold_1,xgb_tune_02,days_1_30_daily,30,daily,overall,all,1.5146268662750306,2.6986071627889725,0.7028068569022106,0.1724908126499504,1552.4173138495535,19396.0,20948.417313849553,9000,0.7624692229183943,300,0
validation_fold_2,xgb_tune_02,day_1_daily,1,daily,overall,all,1.0499796607314298,1.8636308529509316,0.5965793526883124,-0.009825843799238404,-2.947753139771521,528.0,525.0522468602285,300,0.44488392892702355,300,0
validation_fold_2,xgb_tune_02,days_1_7_aggregate,7,aggregate,overall,all,4.927413157796642,10.11966446842012,0.3444137808338753,0.26385543796001004,79.156631388003,4292.0,4371.156631388003,300,0.7178616784063392,300,0
validation_fold_2,xgb_tune_02,days_1_7_daily,7,daily,overall,all,1.2885470223108617,2.6466438297089443,0.6304633613356966,0.03769363399428714,79.156631388003,4292.0,4371.156631388003,2100,0.6240579723535759,300,0
validation_fold_2,xgb_tune_02,days_1_30_aggregate,30,aggregate,overall,all,18.912513737995955,38.441726542976944,0.2758534675903727,1.619619996076605,485.8859988229815,20568.0,21053.88599882298,300,1.2855102053385294,300,0
validation_fold_2,xgb_tune_02,days_1_30_daily,30,daily,overall,all,1.5063897981436976,2.7756433878478415,0.6591553959205211,0.0539873332025535,485.8859988229815,20568.0,21053.88599882298,9000,0.7512607267758966,300,0
validation_fold_3,xgb_tune_02,day_1_daily,1,daily,overall,all,1.1749927823850885,2.09204733496386,0.6184172538868887,-0.06530818684802701,-19.592456054408103,570.0,550.4075439455919,300,0.44278254951816554,300,0
validation_fold_3,xgb_tune_02,days_1_7_aggregate,7,aggregate,overall,all,4.745535132552807,8.390675485434357,0.3003503248451144,-0.8475470371792714,-254.2641111537814,4740.0,4485.735888846219,300,0.6789533114548075,300,0
validation_fold_3,xgb_tune_02,days_1_7_daily,7,daily,overall,all,1.3672506986775745,2.5559372269063707,0.6057439804267736,-0.12107814816846733,-254.2641111537814,4740.0,4485.735888846219,2100,0.6709224371831736,300,0
validation_fold_3,xgb_tune_02,days_1_30_aggregate,30,aggregate,overall,all,17.629965194889035,34.744055695503945,0.26499271298495464,4.377059282585979,1313.1177847757936,19959.0,21272.117784775794,300,1.2050810173569875,300,0
validation_fold_3,xgb_tune_02,days_1_30_daily,30,daily,overall,all,1.474052025593093,2.6181458564944933,0.6646860178534915,0.1459019760861993,1313.1177847757936,19959.0,21272.117784775794,9000,0.7397443504783624,300,0
combined,xgb_tune_03,day_1_daily,1,daily,overall,all,1.1541728751703664,2.0513119992222686,0.5551873798254033,-0.06337981488858026,-57.041833399722236,1871.0,1813.9581666002778,900,0.4735324915267049,900,0
combined,xgb_tune_03,days_1_7_aggregate,7,aggregate,overall,all,4.544655090359204,8.286352144000713,0.3154550039582974,0.1599302396241142,143.9372156617028,12966.0,13109.937215661703,900,0.6890527883518219,900,0
combined,xgb_tune_03,days_1_7_daily,7,daily,overall,all,1.2882252235170422,2.4136893866882856,0.6259308119819038,0.022847177089159173,143.9372156617028,12966.0,13109.937215661703,6300,0.6452835785980204,900,0
combined,xgb_tune_03,days_1_30_aggregate,30,aggregate,overall,all,18.75737179200076,37.26669007995324,0.2817221202676883,4.035251916686361,3631.7267250177247,59923.0,63554.726725017725,900,1.310920984877375,900,0
combined,xgb_tune_03,days_1_30_daily,30,daily,overall,all,1.4929953441907748,2.6639602508631555,0.6727112176151214,0.1345083972228787,3631.7267250177247,59923.0,63554.726725017725,27000,0.7533993028950073,900,0
validation_fold_1,xgb_tune_03,day_1_daily,1,daily,overall,all,1.276311282273382,2.243110647611798,0.49533426220182997,-0.11362565313155452,-34.08769593946636,773.0,738.9123040605336,300,0.5364889724575583,300,0
validation_fold_1,xgb_tune_03,days_1_7_aggregate,7,aggregate,overall,all,4.039904751516879,6.117292586399041,0.30807611221531866,0.9261123286063473,277.8336985819042,3934.0,4211.833698581904,300,0.6672928510226874,300,0
validation_fold_1,xgb_tune_03,days_1_7_daily,7,daily,overall,all,1.2092473998719029,1.9639176771967188,0.6455057294689872,0.13230176122947818,277.8336985819042,3934.0,4211.833698581904,2100,0.6370102714385866,300,0
validation_fold_1,xgb_tune_03,days_1_30_aggregate,30,aggregate,overall,all,20.460237940363587,40.08830641519987,0.3164606816925694,5.19357422683388,1558.072268050164,19396.0,20954.072268050164,300,1.4070341795833332,300,0
validation_fold_1,xgb_tune_03,days_1_30_daily,30,daily,overall,all,1.4989190013950897,2.6257074328163013,0.6955182002761295,0.17311914089446268,1558.072268050164,19396.0,20954.072268050164,9000,0.764021073535953,300,0
validation_fold_2,xgb_tune_03,day_1_daily,1,daily,overall,all,1.037354237359638,1.8349098641660004,0.5894058166816125,-0.0030123430769890547,-0.9037029230967164,528.0,527.0962970769033,300,0.44354152325584123,300,0
validation_fold_2,xgb_tune_03,days_1_7_aggregate,7,aggregate,overall,all,4.826955580043917,9.934135509134922,0.33739204893130825,0.3262090195994824,97.86270587984473,4292.0,4389.862705879845,300,0.7145437039540753,300,0
validation_fold_2,xgb_tune_03,days_1_7_daily,7,daily,overall,all,1.2805192388421192,2.641076736431466,0.6265355082871505,0.046601288514211775,97.86270587984473,4292.0,4389.862705879845,2100,0.6243426446077053,300,0
validation_fold_2,xgb_tune_03,days_1_30_aggregate,30,aggregate,overall,all,17.945786129956446,36.51872613626116,0.26175300656295863,1.5076763625722378,452.30290877167135,20568.0,21020.30290877167,300,1.2687073583746153,300,0
validation_fold_2,xgb_tune_03,days_1_30_daily,30,daily,overall,all,1.487477375796375,2.723730453136825,0.6508798318828947,0.05025587875240793,452.30290877167135,20568.0,21020.30290877167,9000,0.7482546471985307,300,0
validation_fold_3,xgb_tune_03,day_1_daily,1,daily,overall,all,1.148853105878079,2.0555298994217215,0.6046595294095153,-0.07350144845719721,-22.050434537159163,570.0,547.9495654628408,300,0.44056697886671514,300,0
validation_fold_3,xgb_tune_03,days_1_7_aggregate,7,aggregate,overall,all,4.767104939516818,8.359580052950482,0.30171550250106444,-0.772530629333487,-231.7591888000461,4740.0,4508.240811199954,300,0.685321810078703,300,0
validation_fold_3,xgb_tune_03,days_1_7_daily,7,daily,overall,all,1.3749090318371047,2.5778732311170347,0.6091369128392236,-0.11036151847621244,-231.7591888000461,4740.0,4508.240811199954,2100,0.6744978197477693,300,0
validation_fold_3,xgb_tune_03,days_1_30_aggregate,30,aggregate,overall,all,17.86609130568225,35.01041128995284,0.26854188044013605,5.404505160652964,1621.3515481958893,19959.0,21580.35154819589,300,1.2570214166741764,300,0
validation_fold_3,xgb_tune_03,days_1_30_daily,30,daily,overall,all,1.4925896553808593,2.641402193995635,0.6730450873504551,0.18015017202176548,1621.3515481958893,19959.0,21580.35154819589,9000,0.7479221879505383,300,0
combined,xgb_tune_04,day_1_daily,1,daily,overall,all,1.1735529171680619,2.102969599796398,0.5645096875741612,-0.07568837145912564,-68.11953431321308,1871.0,1802.880465686787,900,0.4777567204457062,900,0
combined,xgb_tune_04,days_1_7_aggregate,7,aggregate,overall,all,4.501419041561377,8.449745670234405,0.3124538899741816,-0.14467175989618733,-130.2045839065686,12966.0,12835.795416093431,900,0.680897982697755,900,0
combined,xgb_tune_04,days_1_7_daily,7,daily,overall,all,1.2787795812694267,2.436992533347415,0.6213413051054595,-0.020667394270883904,-130.2045839065686,12966.0,12835.795416093431,6300,0.6421133140203896,900,0
combined,xgb_tune_04,days_1_30_aggregate,30,aggregate,overall,all,19.065162308843185,36.866149803607904,0.2863449106012527,0.2791838556103822,251.265470049344,59923.0,60174.265470049344,900,1.3627461420785332,900,0
combined,xgb_tune_04,days_1_30_daily,30,daily,overall,all,1.4777836168369416,2.6555103125227753,0.6658571442450716,0.009306128520346074,251.265470049344,59923.0,60174.265470049344,27000,0.7591118714399195,900,0
validation_fold_1,xgb_tune_04,day_1_daily,1,daily,overall,all,1.2986930646002293,2.3418055189456854,0.5040205942821071,-0.14755802566806475,-44.267407700419426,773.0,728.7325922995806,300,0.5438513678194439,300,0
validation_fold_1,xgb_tune_04,days_1_7_aggregate,7,aggregate,overall,all,4.084731624871492,6.2944997521816495,0.31149453163737867,0.7441476488610109,223.24429465830326,3934.0,4157.244294658303,300,0.6603512025702338,300,0
validation_fold_1,xgb_tune_04,days_1_7_daily,7,daily,overall,all,1.2121949580382734,1.9936649854152675,0.6470791590951637,0.10630680698014441,223.24429465830326,3934.0,4157.244294658303,2100,0.6339831101671332,300,0
validation_fold_1,xgb_tune_04,days_1_30_aggregate,30,aggregate,overall,all,19.735341299821933,36.18390636543237,0.3052486280648886,1.4291720846792062,428.75162540376186,19396.0,19824.751625403762,300,1.4477280091515172,300,0
validation_fold_1,xgb_tune_04,days_1_30_daily,30,daily,overall,all,1.469777238615685,2.551324886511182,0.681996037716084,0.04763906948930687,428.75162540376186,19396.0,19824.751625403762,9000,0.767347148223045,300,0
validation_fold_2,xgb_tune_04,day_1_daily,1,daily,overall,all,1.0544789973041042,1.8750974595556302,0.5991357939227865,-0.007813656539656221,-2.3440969618968666,528.0,525.6559030381031,300,0.4446488680967744,300,0
validation_fold_2,xgb_tune_04,days_1_7_aggregate,7,aggregate,overall,all,4.633913841616983,9.851728055330252,0.32389891716800906,-0.09563606925619145,-28.690820776857436,4292.0,4263.309179223143,300,0.6965154183945391,300,0
validation_fold_2,xgb_tune_04,days_1_7_daily,7,daily,overall,all,1.2531625854184052,2.6378591935818867,0.6131503796315589,-0.01366229560802735,-28.690820776857436,4292.0,4263.309179223143,2100,0.6199443630104836,300,0
validation_fold_2,xgb_tune_04,days_1_30_aggregate,30,aggregate,overall,all,19.807960018434873,40.687535471041684,0.2889142359748377,-2.4610011700571826,-738.3003510171548,20568.0,19829.699648982845,300,1.3556690896924752,300,0
validation_fold_2,xgb_tune_04,days_1_30_daily,30,daily,overall,all,1.502287683750089,2.8377912291075647,0.657360421710949,-0.08203337233523941,-738.3003510171548,20568.0,19829.699648982845,9000,0.7600303229639483,300,0
validation_fold_3,xgb_tune_04,day_1_daily,1,daily,overall,all,1.1674866895998517,2.0657685837496462,0.6144666787367641,-0.07169343216965596,-21.508029650896788,570.0,548.4919703491032,300,0.44476992542090055,300,0
validation_fold_3,xgb_tune_04,days_1_7_aggregate,7,aggregate,overall,all,4.785611658195655,8.80439281657396,0.30288681380985155,-1.0825268592933814,-324.7580577880144,4740.0,4415.241942211986,300,0.6858273271284924,300,0
validation_fold_3,xgb_tune_04,days_1_7_daily,7,daily,overall,all,1.3709812003516015,2.6236990344812443,0.607396734332988,-0.15464669418476876,-324.7580577880144,4740.0,4415.241942211986,2100,0.6724124688835519,300,0
validation_fold_3,xgb_tune_04,days_1_30_aggregate,30,aggregate,overall,all,17.652185608272752,33.35548502805084,0.2653267038670187,1.869380652209123,560.8141956627369,19959.0,20519.814195662737,300,1.2848413273916077,300,0
validation_fold_3,xgb_tune_04,days_1_30_daily,30,daily,overall,all,1.461285928145051,2.567661839731491,0.6589294730850974,0.06231268840697077,560.8141956627369,19959.0,20519.814195662737,9000,0.7499581431327653,300,0
combined,xgb_tune_05,day_1_daily,1,daily,overall,all,1.180429951294791,2.116825587094161,0.5678177210931651,-0.05902545230799458,-53.12290707719512,1871.0,1817.8770929228049,900,0.47506931218909587,900,0
combined,xgb_tune_05,days_1_7_aggregate,7,aggregate,overall,all,4.6549344907135755,8.46476207888042,0.32310975178483864,0.4354585640622665,391.91270765603986,12966.0,13357.91270765604,900,0.690861746602807,900,0
combined,xgb_tune_05,days_1_7_daily,7,daily,overall,all,1.3184212094429133,2.4184551607568143,0.6406026237459783,0.0622083662946095,391.91270765603986,12966.0,13357.91270765604,6300,0.6469039528216453,900,0
combined,xgb_tune_05,days_1_30_aggregate,30,aggregate,overall,all,19.764180634991757,42.39792400178883,0.29684365888711484,6.568399272585262,5911.559345326736,59923.0,65834.55934532674,900,1.2842245658454812,900,0
combined,xgb_tune_05,days_1_30_daily,30,daily,overall,all,1.5244545811031627,2.757343721915882,0.6868860652801995,0.21894664241950873,5911.559345326736,59923.0,65834.55934532674,27000,0.7494683924781687,900,0
validation_fold_1,xgb_tune_05,day_1_daily,1,daily,overall,all,1.2806657043285667,2.2985969589430124,0.4970242060783571,-0.13429388481502733,-40.288165444508195,773.0,732.7118345554918,300,0.5314488299599027,300,0
validation_fold_1,xgb_tune_05,days_1_7_aggregate,7,aggregate,overall,all,4.294840861341606,7.026955562586105,0.3275170966961062,1.2019224860084554,360.5767458025366,3934.0,4294.576745802537,300,0.662569658334413,300,0
validation_fold_1,xgb_tune_05,days_1_7_daily,7,daily,overall,all,1.2619279810191975,2.0556580061623566,0.6736270361312442,0.1717032122869222,360.5767458025366,3934.0,4294.576745802537,2100,0.6393554091980728,300,0
validation_fold_1,xgb_tune_05,days_1_30_aggregate,30,aggregate,overall,all,21.400957139364134,49.497152662734024,0.3310108858429181,7.774396693787227,2332.319008136168,19396.0,21728.319008136168,300,1.3407311163301017,300,0
validation_fold_1,xgb_tune_05,days_1_30_daily,30,daily,overall,all,1.5426289808247238,2.8061705980449445,0.7158002076419114,0.25914655645957424,2332.319008136168,19396.0,21728.319008136168,9000,0.7565505946396137,300,0
validation_fold_2,xgb_tune_05,day_1_daily,1,daily,overall,all,1.0638644539370823,1.8785888839628282,0.6044684397369785,-0.0031534110948753854,-0.9460233284626156,528.0,527.0539766715374,300,0.44897933909428084,300,0
validation_fold_2,xgb_tune_05,days_1_7_aggregate,7,aggregate,overall,all,4.9757520390713275,9.931013137027746,0.3477925469993938,0.6989196025991502,209.67588077974506,4292.0,4501.675880779745,300,0.7196804159325229,300,0
validation_fold_2,xgb_tune_05,days_1_7_daily,7,daily,overall,all,1.310202344857001,2.628090864134927,0.6410589292170789,0.09984565751416431,209.67588077974506,4292.0,4501.675880779745,2100,0.6261262060414197,300,0
validation_fold_2,xgb_tune_05,days_1_30_aggregate,30,aggregate,overall,all,18.975714238761768,39.13614255843995,0.27677529519780875,4.3676434361104235,1310.293030833127,20568.0,21878.293030833127,300,1.2543468595599556,300,0
validation_fold_2,xgb_tune_05,days_1_30_daily,30,daily,overall,all,1.5129021977704897,2.7651453551981824,0.6620050456988724,0.14558811453701412,1310.293030833127,20568.0,21878.293030833127,9000,0.7459043137932045,300,0
validation_fold_3,xgb_tune_05,day_1_daily,1,daily,overall,all,1.1967596956187239,2.151791700866709,0.6298735240098546,-0.03962906101408104,-11.888718304224312,570.0,558.1112816957757,300,0.44477976751310394,300,0
validation_fold_3,xgb_tune_05,days_1_7_aggregate,7,aggregate,overall,all,4.694210571727793,8.182509685284735,0.29710193491948056,-0.594466396420806,-178.3399189262418,4740.0,4561.660081073758,300,0.6903351655414854,300,0
validation_fold_3,xgb_tune_05,days_1_7_daily,7,daily,overall,all,1.3831333024525416,2.532624067113978,0.6127805770359361,-0.084923770917258,-178.3399189262418,4740.0,4561.660081073758,2100,0.6752302432254432,300,0
validation_fold_3,xgb_tune_05,days_1_30_aggregate,30,aggregate,overall,all,18.91587052684937,37.5652246487606,0.2843209157800897,7.563157687858135,2268.9473063574405,19959.0,22227.94730635744,300,1.2575957216463862,300,0
validation_fold_3,xgb_tune_05,days_1_30_daily,30,daily,overall,all,1.517832564714274,2.699668672570911,0.6844277309699117,0.25210525626193786,2268.9473063574405,19959.0,22227.94730635744,9000,0.7459502690016877,300,0
combined,xgb_tune_06,day_1_daily,1,daily,overall,all,1.1699857812184442,2.1046446815429993,0.5627938017619454,-0.07210732764088283,-64.89659487679455,1871.0,1806.1034051232054,900,0.4757039186792171,900,0
combined,xgb_tune_06,days_1_7_aggregate,7,aggregate,overall,all,4.623168513167547,8.454802767338851,0.3209048019320371,0.15746254954083674,141.71629458675307,12966.0,13107.716294586753,900,0.6979153234972524,900,0
combined,xgb_tune_06,days_1_7_daily,7,daily,overall,all,1.298928348928232,2.433854331926374,0.6311313125287569,0.02249464993440525,141.71629458675307,12966.0,13107.716294586753,6300,0.6478286966585991,900,0
combined,xgb_tune_06,days_1_30_aggregate,30,aggregate,overall,all,19.195284285961236,39.408896441154816,0.28829924832476866,3.6514240538081584,3286.2816484273426,59923.0,63209.28164842734,900,1.3143846848421141,900,0
combined,xgb_tune_06,days_1_30_daily,30,daily,overall,all,1.5003119999876764,2.6996288665459587,0.6760079435219742,0.12171413512693861,3286.2816484273426,59923.0,63209.28164842734,27000,0.7534775475017768,900,0
validation_fold_1,xgb_tune_06,day_1_daily,1,daily,overall,all,1.3181020852178336,2.400117742957497,0.5115532025424968,-0.1286979645738999,-38.60938937216997,773.0,734.39061062783,300,0.5411865559005459,300,0
validation_fold_1,xgb_tune_06,days_1_7_aggregate,7,aggregate,overall,all,4.295353106092661,6.761214050437402,0.32755615959018775,1.0487590098691484,314.6277029607445,3934.0,4248.6277029607445,300,0.6826681469219857,300,0
validation_fold_1,xgb_tune_06,days_1_7_daily,7,daily,overall,all,1.241642772935863,2.0340463799202793,0.6627986332397845,0.1498227156955926,314.6277029607445,3934.0,4248.6277029607445,2100,0.6428276105862493,300,0
validation_fold_1,xgb_tune_06,days_1_30_aggregate,30,aggregate,overall,all,20.998964887689798,43.96208525409049,0.32479322882588885,4.907685137521476,1472.3055412564427,19396.0,20868.305541256443,300,1.405886795859556,300,0
validation_fold_1,xgb_tune_06,days_1_30_daily,30,daily,overall,all,1.513254470685497,2.694116716498904,0.7021700472349697,0.1635895045840492,1472.3055412564427,19396.0,20868.305541256443,9000,0.7633422860753809,300,0
validation_fold_2,xgb_tune_06,day_1_daily,1,daily,overall,all,1.0372252543366873,1.8238792623375413,0.5893325308731178,-0.016992155949580288,-5.097646784874087,528.0,522.9023532151259,300,0.4442741100683073,300,0
validation_fold_2,xgb_tune_06,days_1_7_aggregate,7,aggregate,overall,all,4.791428827594816,9.734217742614076,0.33490881833141767,0.20699800685157244,62.09940205547173,4292.0,4354.099402055472,300,0.7227454923964406,300,0
validation_fold_2,xgb_tune_06,days_1_7_daily,7,daily,overall,all,1.276750262457856,2.629974946954201,0.6246914145297058,0.029571143835938916,62.09940205547173,4292.0,4354.099402055472,2100,0.6250825493415586,300,0
validation_fold_2,xgb_tune_06,days_1_30_aggregate,30,aggregate,overall,all,18.161150412255736,37.124584665744116,0.26489425922193316,0.7350301120192793,220.50903360578377,20568.0,20788.509033605784,300,1.2715262877970663,300,0
validation_fold_2,xgb_tune_06,days_1_30_daily,30,daily,overall,all,1.4891949771229127,2.741327922958354,0.6516314077258953,0.024501003733975974,220.50903360578377,20568.0,20788.509033605784,9000,0.7493913955247834,300,0
validation_fold_3,xgb_tune_06,day_1_daily,1,daily,overall,all,1.154630004100812,2.0497529029122927,0.6077000021583221,-0.07063186239916831,-21.189558719750494,570.0,548.8104412802495,300,0.44165109006879805,300,0
validation_fold_3,xgb_tune_06,days_1_7_aggregate,7,aggregate,overall,all,4.782723605815166,8.601282404813093,0.30270402568450416,-0.7833693680982106,-235.01081042946316,4740.0,4504.989189570537,300,0.6883323311733309,300,0
validation_fold_3,xgb_tune_06,days_1_7_daily,7,daily,overall,all,1.378392011390977,2.591684361537257,0.6106800050466353,-0.1119099097283158,-235.01081042946316,4740.0,4504.989189570537,2100,0.6755759300479894,300,0
validation_fold_3,xgb_tune_06,days_1_30_aggregate,30,aggregate,overall,all,18.425737557938167,36.7189818709216,0.2769538186974022,5.311556911883721,1593.4670735651162,19959.0,21552.467073565116,300,1.265740970869721,300,0
validation_fold_3,xgb_tune_06,days_1_30_daily,30,daily,overall,all,1.4984865521546193,2.6628639446946334,0.675704141960598,0.17705189706279068,1593.4670735651162,19959.0,21552.467073565116,9000,0.7476989609051664,300,0
